Word1,Word2,Missing
cõi_tục,cõi_âm,cõi_tục
nói_lắp,nói_móc,nói_móc
vây_ép,phong_toả,vây_ép
bội_nghĩa,biết_ơn,bội_nghĩa
đơn_tiết,đơn_âm,"đơn_tiết,đơn_âm"
ngả_nghiêng,sờn_lòng,sờn_lòng
vẹo,vẹo_vọ,vẹo_vọ
nguây_nguẩy,ngúng_nguẩy,nguây_nguẩy
biên_nhận,ứng_chiến,ứng_chiến
chỉ_định,hạ_bút,hạ_bút
cầm,rờ_mó,rờ_mó
lộp_bộp,lộp_độp,"lộp_bộp,lộp_độp"
bánh_hỏi,bánh_giò,bánh_hỏi
phôi_bào,tế_bào,phôi_bào
tăm_dạng,tung_tích,tăm_dạng
thừa_thế,hằn_học,thừa_thế
biệt_ly,sum_họp,biệt_ly
phụ_bản,nếp_tẻ,nếp_tẻ
lắng_nghe,lắng_tai,lắng_tai
đa_ngôn,mỏng_tang,đa_ngôn
tí_ti,tí_teo,tí_teo
dương_gian,cõi_âm,dương_gian
phân_tử,nếp_tẻ,nếp_tẻ
hảo_hữu,người_thân,hảo_hữu
bành_tô,khăn,bành_tô
tợn,hiền,tợn
cây_thân_gỗ,cành,cây_thân_gỗ
thi_đấu,phá_vây,phá_vây
cá_hồng,cá_chai,cá_chai
bạc_đãi,trọng_đãi,trọng_đãi
phân_li,đoàn_tụ,phân_li
nhức_nhối,nhấp_nhỏm,nhấp_nhỏm
nhạo,hạ_bút,hạ_bút
chủ_nghĩa_hình_thức,truyện_tranh,chủ_nghĩa_hình_thức
vắng_tanh,lịch_bịch,lịch_bịch
hồ_sơ,bằng_cớ,bằng_cớ
bè_cánh,vây_cánh,bè_cánh
ngữ_cảnh,văn_cảnh,văn_cảnh
len_lách,len_lỏi,len_lách
giở_quẻ,giở_chứng,giở_quẻ
chủ_nghĩa_hình_thức,đức_tính,chủ_nghĩa_hình_thức
dáng_bộ,dáng_điệu,dáng_bộ
dương_gian,âm_phủ,dương_gian
dận,nhấn,dận
hơi_hướng,hơi_hám,hơi_hám
giở_mặt,lật_lọng,giở_mặt
bẫy,cạm,cạm
nhảy_múa,nhẩy_múa,nhẩy_múa
minh_oan,phá_vây,phá_vây
khấp_khểnh,gập_ghềnh,khấp_khểnh
yểm_hộ,yểm_trợ,yểm_hộ
vòng_vòng,ngoại_tiếp,ngoại_tiếp
trẩy_hội,ứng_chiến,ứng_chiến
nghiêm_lệnh,đồng_dao,nghiêm_lệnh
cõi_dương,cõi_âm,cõi_dương
cõi_tục,trần_gian,cõi_tục
