Word1,Word2,Relation,POS_GROUP,Prediction,Correct
khoái_lạc,nỗi_đau,ANT,NOUN,SYN,False
yếu_kém,sức_mạnh,ANT,NOUN,ANT,True
thanh_danh,ô_nhục,ANT,NOUN,ANT,True
dây,dọc,SYN,NOUN,ANT,False
ba,me,ANT,NOUN,ANT,True
ngày,ban_đêm,ANT,NOUN,ANT,True
nhân_tài,tài_năng,SYN,NOUN,SYN,True
khởi_đầu,cuối_cùng,ANT,NOUN,ANT,True
hậu_duệ,bố_mẹ,ANT,NOUN,ANT,True
khuyết_thiếu,ưu_điểm,ANT,NOUN,ANT,True
áo_quan,quan_tài,SYN,NOUN,SYN,True
phục_viên,động_viên,ANT,NOUN,ANT,True
tía,me,ANT,NOUN,ANT,True
cậu,cô,ANT,NOUN,SYN,False
xuất_phát,kết_thúc,ANT,NOUN,ANT,True
hậu_duệ,phụ_huynh,ANT,NOUN,ANT,True
bệ,đầu,ANT,NOUN,ANT,True
nhiệm_kì,nhiệm_kỳ,SYN,NOUN,SYN,True
sáng,bóng_tối,ANT,NOUN,ANT,True
chú,thím,ANT,NOUN,SYN,False
báng,bá,SYN,NOUN,ANT,False
khuyết_điểm,ưu_điểm,ANT,NOUN,ANT,True
nội_qui,nội_quy,SYN,NOUN,SYN,True
dĩ_vãng,tương_lai,ANT,NOUN,ANT,True
thiếu_sót,khuyết_điểm,SYN,NOUN,SYN,True
trái_đất,địa_cầu,SYN,NOUN,SYN,True
vú,tí,SYN,NOUN,ANT,False
bác,gì,ANT,NOUN,ANT,True
đàn_bà,nam_giới,ANT,NOUN,SYN,False
thuế_khoá,thuế_má,SYN,NOUN,SYN,True
nữ_hoàng,vua,ANT,NOUN,SYN,False
bác,thím,ANT,NOUN,ANT,True
tàn_dư,tàn_tích,SYN,NOUN,SYN,True
nam,trai,SYN,NOUN,SYN,True
thiếu_nữ,chàng_trai,ANT,NOUN,SYN,False
sở_trường,nhược_điểm,ANT,NOUN,ANT,True
kết_thúc,khởi_đầu,ANT,NOUN,SYN,False
đàn_bà,nam,ANT,NOUN,ANT,True
hạn,vận_hạn,SYN,NOUN,SYN,True
bồ_bịch,tình_nhân,SYN,NOUN,ANT,False
tinh_mơ,hoàng_hôn,ANT,NOUN,SYN,False
khởi_đầu,chấm_hết,ANT,NOUN,ANT,True
hiện_diện,vắng,ANT,NOUN,ANT,True
mộ,mả,SYN,NOUN,SYN,True
ven,vệ,SYN,NOUN,ANT,False
thân_xác,thể_xác,SYN,NOUN,SYN,True
phụ_nữ,con_trai,ANT,NOUN,ANT,True
tàu,tầu,SYN,NOUN,SYN,True
tiểu_phẫu,đại_phẫu,ANT,NOUN,SYN,False
thầy,me,ANT,NOUN,ANT,True
xuất_hiện,thiếu,ANT,NOUN,ANT,True
cha_mẹ,bố_mẹ,SYN,NOUN,SYN,True
chắn,barie,SYN,NOUN,SYN,True
xuất_phát_điểm,chấm_hết,ANT,NOUN,ANT,True
cô_gái,chàng_trai,ANT,NOUN,SYN,False
xuất_hiện,vắng_mặt,ANT,NOUN,SYN,False
tốt,vô_sinh,ANT,NOUN,ANT,True
thi_thể,thây,SYN,NOUN,SYN,True
mầm,mống,SYN,NOUN,ANT,False
nhà_giam,nhà_đá,SYN,NOUN,SYN,True
tã,tã_lót,SYN,NOUN,SYN,True
dĩ_vãng,sau_này,ANT,NOUN,ANT,True
bố,má,ANT,NOUN,SYN,False
đảo,cù_lao,SYN,NOUN,SYN,True
xuất_phát,chấm_hết,ANT,NOUN,ANT,True
người_yêu,tình_nhân,SYN,NOUN,SYN,True
dầu_hoả,dầu_lửa,SYN,NOUN,SYN,True
sở_trường,điểm_yếu,ANT,NOUN,ANT,True
nhà_giam,nhà_lao,SYN,NOUN,SYN,True
tiếp_tục,thôi,ANT,NOUN,ANT,True
golf,gôn,SYN,NOUN,SYN,True
phụ_nữ,nam,ANT,NOUN,ANT,True
đống,gò,SYN,NOUN,SYN,True
điều_thiện,xấu,ANT,NOUN,ANT,True
đô_thị,quê,ANT,NOUN,ANT,True
đít,khu,SYN,NOUN,SYN,True
ban_đầu,cuối_cùng,ANT,NOUN,ANT,True
thầy,bầm,ANT,NOUN,ANT,True
đề_án,dự_án,SYN,NOUN,SYN,True
duyên_cớ,nguyên_cớ,SYN,NOUN,SYN,True
em_trai,em_gái,ANT,NOUN,SYN,False
tí,tị,SYN,NOUN,SYN,True
chồng,bà_xã,ANT,NOUN,ANT,True
mạng,mệnh,SYN,NOUN,SYN,True
hòm,quan_tài,SYN,NOUN,SYN,True
đầu_tiên,trước_hết,SYN,NOUN,ANT,False
cậu,bác,ANT,NOUN,ANT,True
bá,già,SYN,NOUN,ANT,False
danh_giá,nhục_nhã,ANT,NOUN,ANT,True
chú,cô,ANT,NOUN,ANT,True
phụ_nữ,nam_giới,ANT,NOUN,SYN,False
sở_trường,khuyết_điểm,ANT,NOUN,ANT,True
nguyên_lí,nguyên_lý,SYN,NOUN,SYN,True
sở_trường,hạn_chế,ANT,NOUN,ANT,True
bè,phe,SYN,NOUN,SYN,True
mẹ,mế,SYN,NOUN,ANT,False
gốc_rễ,cội_rễ,SYN,NOUN,SYN,True
giữa,cuối_cùng,ANT,NOUN,ANT,True
ngô,bắp,SYN,NOUN,SYN,True
dấu_vết,vết_tích,SYN,NOUN,SYN,True
khía_cạnh,góc_cạnh,SYN,NOUN,SYN,True
nếp,lề_thói,SYN,NOUN,SYN,True
tục,trần,SYN,NOUN,SYN,True
lí,thiên_lý,SYN,NOUN,SYN,True
lãnh_vực,lĩnh_vực,SYN,NOUN,SYN,True
hạ,gia_tăng,ANT,NOUN,ANT,True
ký_sinh_trùng,vật_chủ,ANT,NOUN,SYN,False
sở_trường,yếu_điểm,ANT,NOUN,ANT,True
hàng_xóm,láng_giềng,SYN,NOUN,SYN,True
thuộc_hạ,chỉ_huy,ANT,NOUN,SYN,False
thầy,mẹ,ANT,NOUN,ANT,True
giảm,gia_tăng,ANT,NOUN,ANT,True
chú,mợ,ANT,NOUN,ANT,True
trạng_thái,thể,SYN,NOUN,SYN,True
thận,cật,SYN,NOUN,SYN,True
cán,tông,SYN,NOUN,SYN,True
yếu_kém,thành_công,ANT,NOUN,ANT,True
phạm_nhân,tội_phạm,SYN,NOUN,SYN,True
đồng_phạm,tòng_phạm,SYN,NOUN,SYN,True
ông_già,mợ,ANT,NOUN,ANT,True
giữa,xuất_phát_điểm,ANT,NOUN,ANT,True
ngày_nay,hiện_tại,SYN,NOUN,ANT,False
con,ba_má,ANT,NOUN,ANT,True
góp_mặt,vắng_mặt,ANT,NOUN,ANT,True
bát,chén,SYN,NOUN,SYN,True
áo_quần,quần_áo,SYN,NOUN,SYN,True
xuất_phát_điểm,cuối_cùng,ANT,NOUN,ANT,True
bầm,mạ,SYN,NOUN,SYN,True
mở_đầu,trung,ANT,NOUN,ANT,True
lượng,cây,SYN,NOUN,ANT,False
phục_viên,điều_động,ANT,NOUN,SYN,False
dọc,hàng,SYN,NOUN,ANT,False
ẩn_ý,hàm_ý,SYN,NOUN,ANT,False
tuồng,bọn,SYN,NOUN,ANT,False
hoàn_thành,bắt_đầu,ANT,NOUN,ANT,True
thầy,má,ANT,NOUN,ANT,True
thầy,mợ,ANT,NOUN,SYN,False
chân,đầu,ANT,NOUN,ANT,True
đen,bạch,ANT,NOUN,ANT,True
trụ_cột,cột_trụ,SYN,NOUN,SYN,True
thanh_danh,tai_tiếng,ANT,NOUN,ANT,True
ông_già,má,ANT,NOUN,ANT,True
cha,má,ANT,NOUN,ANT,True
nữ_giới,nam,ANT,NOUN,SYN,False
tin,tin_tức,SYN,NOUN,SYN,True
ban_ngày,đêm,ANT,NOUN,SYN,False
thơ,thư,SYN,NOUN,SYN,True
đàn_bà,đàn_ông,ANT,NOUN,ANT,True
ban_mai,hoàng_hôn,ANT,NOUN,SYN,False
cữ,lóng,SYN,NOUN,ANT,False
bố,bầm,ANT,NOUN,SYN,False
khu_đô_thị,nông_thôn,ANT,NOUN,SYN,False
bảo_vật,báu_vật,SYN,NOUN,SYN,True
bố,mẹ,ANT,NOUN,SYN,False
nhân_gian,trần_gian,SYN,NOUN,SYN,True
chân_tay,lãnh_đạo,ANT,NOUN,ANT,True
danh_tánh,danh_tính,SYN,NOUN,SYN,True
tí_ti,tí_chút,SYN,NOUN,SYN,True
sáng,tăm_tối,ANT,NOUN,ANT,True
dịp,thời_cơ,SYN,NOUN,SYN,True
tía,má,ANT,NOUN,SYN,False
sút,gia_tăng,ANT,NOUN,ANT,True
thiếu_sót,ưu_điểm,ANT,NOUN,ANT,True
tía,mẹ,ANT,NOUN,ANT,True
giữa,kết_thúc,ANT,NOUN,ANT,True
quá_khứ,sau_này,ANT,NOUN,SYN,False
kỉ,kỷ,SYN,NOUN,SYN,True
tù,phạm_nhân,SYN,NOUN,SYN,True
tuổi,giai_đoạn,SYN,NOUN,ANT,False
thuộc_hạ,lãnh_đạo,ANT,NOUN,ANT,True
người_yêu,người_tình,SYN,NOUN,SYN,True
đại_lí,đại_lý,SYN,NOUN,SYN,True
ba,bầm,ANT,NOUN,ANT,True
giữa,ban_đầu,ANT,NOUN,ANT,True
mức,mực,SYN,NOUN,SYN,True
cậu,mợ,ANT,NOUN,ANT,True
mĩ_thuật,mỹ_thuật,SYN,NOUN,SYN,True
tiếp_tục,ngừng,ANT,NOUN,ANT,True
chung_cư,cư_xá,SYN,NOUN,SYN,True
công_nhân,chủ,ANT,NOUN,SYN,False
anh_trai,em_gái,ANT,NOUN,ANT,True
kìm,kềm,SYN,NOUN,SYN,True
thanh_danh,nhục_nhã,ANT,NOUN,ANT,True
tội_phạm,tội_nhân,SYN,NOUN,ANT,False
ba,mợ,ANT,NOUN,ANT,True
mức,ngữ,SYN,NOUN,SYN,True
cơm_cháo,trò_trống,SYN,NOUN,SYN,True
tía,mợ,ANT,NOUN,ANT,True
phục_viên,điều,ANT,NOUN,ANT,True
phạm_nhân,tội_nhân,SYN,NOUN,SYN,True
khu_đô_thị,đồng_quê,ANT,NOUN,ANT,True
tộc_người,sắc_tộc,SYN,NOUN,ANT,False
nhà_giam,ngục_tù,SYN,NOUN,SYN,True
ban_đầu,kết_thúc,ANT,NOUN,ANT,True
học_thức,học_vấn,SYN,NOUN,ANT,False
nhà_buôn,thương_nhân,SYN,NOUN,SYN,True
chồng,hôn_thê,ANT,NOUN,ANT,True
đàn_bà,phụ_nữ,SYN,NOUN,SYN,True
lối,đường,SYN,NOUN,ANT,False
vô_địch,quán_quân,SYN,NOUN,SYN,True
ông_già,bầm,ANT,NOUN,ANT,True
hậu_duệ,cha_mẹ,ANT,NOUN,ANT,True
cha,me,ANT,NOUN,SYN,False
căm,tăm,SYN,NOUN,ANT,False
bố,con_cái,ANT,NOUN,ANT,True
điều_thiện,dữ,ANT,NOUN,ANT,True
ban,đêm,ANT,NOUN,SYN,False
kết_thúc,bắt_đầu,ANT,NOUN,SYN,False
thông_gia,sui_gia,SYN,NOUN,SYN,True
thiên_đàng,địa_ngục,ANT,NOUN,SYN,False
đất_nước,sông_núi,SYN,NOUN,SYN,True
nữ_giới,đàn_ông,ANT,NOUN,ANT,True
bố,cha,SYN,NOUN,ANT,False
ông_già,mẹ,ANT,NOUN,ANT,True
ban_đầu,chấm_hết,ANT,NOUN,ANT,True
chồng,phu_nhân,ANT,NOUN,ANT,True
nguyên_do,nguyên_cớ,SYN,NOUN,SYN,True
chung_cư,khu_tập_thể,SYN,NOUN,SYN,True
xuất_phát,cuối_cùng,ANT,NOUN,ANT,True
thuộc_tính,tính_chất,SYN,NOUN,SYN,True
em_trai,chị_gái,ANT,NOUN,ANT,True
chú,gì,ANT,NOUN,ANT,True
con,phụ_huynh,ANT,NOUN,ANT,True
quá_khứ,tương_lai,ANT,NOUN,SYN,False
anh_trai,chị_gái,ANT,NOUN,SYN,False
màu_mỡ,vô_sinh,ANT,NOUN,SYN,False
thẩm_mĩ,thẩm_mỹ,SYN,NOUN,SYN,True
bắt_đầu,trung,ANT,NOUN,ANT,True
chuẩn,chuẩn_mực,SYN,NOUN,SYN,True
cảnh_vệ,vệ_binh,SYN,NOUN,SYN,True
hậu_duệ,ba_má,ANT,NOUN,ANT,True
ông_già,me,ANT,NOUN,ANT,True
màng,váng,SYN,NOUN,ANT,False
danh_giá,hổ_thẹn,ANT,NOUN,ANT,True
giữa,khởi_đầu,ANT,NOUN,ANT,True
nhà_thơ,thi_sĩ,SYN,NOUN,SYN,True
con,cha_mẹ,ANT,NOUN,ANT,True
chủ_định,chủ_ý,SYN,NOUN,SYN,True
chân_tay,chỉ_huy,ANT,NOUN,ANT,True
tía,bầm,ANT,NOUN,SYN,False
lỗi,ưu_điểm,ANT,NOUN,ANT,True
thìa,muỗng,SYN,NOUN,SYN,True
xuất_phát_điểm,kết_thúc,ANT,NOUN,ANT,True
giống_nòi,nòi_giống,SYN,NOUN,SYN,True
bí_danh,mật_danh,SYN,NOUN,SYN,True
ba,mẹ,ANT,NOUN,ANT,True
điện_báo,điện_tín,SYN,NOUN,ANT,False
giảm_sút,gia_tăng,ANT,NOUN,SYN,False
dáng_dấp,dáng_vẻ,SYN,NOUN,SYN,True
bố,me,ANT,NOUN,ANT,True
chấm,điểm,SYN,NOUN,ANT,False
con_gái,con_trai,ANT,NOUN,ANT,True
tròng,bẫy,SYN,NOUN,SYN,True
hậu_duệ,phụ_mẫu,ANT,NOUN,ANT,True
linh_hồn,vong_hồn,SYN,NOUN,SYN,True
hiệu,tiệm,SYN,NOUN,SYN,True
tào_phớ,tàu_hũ,SYN,NOUN,SYN,True
danh_dự,hổ_thẹn,ANT,NOUN,ANT,True
bác,mợ,ANT,NOUN,ANT,True
phong_thấp,thấp_khớp,SYN,NOUN,SYN,True
trận_mạc,chiến_trận,SYN,NOUN,SYN,True
khi,lúc,SYN,NOUN,SYN,True
ký_chủ,vật_chủ,SYN,NOUN,SYN,True
cha,bầm,ANT,NOUN,ANT,True
con_cái,phụ_mẫu,ANT,NOUN,ANT,True
bạn_bè,bằng_hữu,SYN,NOUN,SYN,True
ngọn_ngành,nguồn_cơn,SYN,NOUN,SYN,True
nữ_giới,nam_giới,ANT,NOUN,SYN,False
xấp,xếp,SYN,NOUN,ANT,False
thợ_xây,thợ_hồ,SYN,NOUN,ANT,False
cha,mợ,ANT,NOUN,ANT,True
đen,trắng,ANT,NOUN,SYN,False
danh_giá,ô_nhục,ANT,NOUN,ANT,True
tay_phải,tay_trái,ANT,NOUN,SYN,False
di_chúc,chúc_thư,SYN,NOUN,ANT,False
giữa,xuất_phát,ANT,NOUN,ANT,True
đặc_điểm,đặc_trưng,SYN,NOUN,SYN,True
màu,mầu,SYN,NOUN,SYN,True
thiên_đường,địa_ngục,ANT,NOUN,SYN,False
thuỷ_đậu,trái_rạ,SYN,NOUN,SYN,True
phép,phép_thuật,SYN,NOUN,SYN,True
kĩ_thuật,kỹ_thuật,SYN,NOUN,SYN,True
tên,gã,SYN,NOUN,SYN,True
giữa,chấm_hết,ANT,NOUN,ANT,True
vầng,vừng,SYN,NOUN,SYN,True
ảnh,hình,SYN,NOUN,SYN,True
khoảng,độ,SYN,NOUN,SYN,True
uy_quyền,quyền_uy,SYN,NOUN,SYN,True
bố,mợ,ANT,NOUN,ANT,True
mẻ,trận,SYN,NOUN,ANT,False
điều_ước,thoả_ước,SYN,NOUN,ANT,False
ba,má,ANT,NOUN,ANT,True
ban_ngày,ban_đêm,ANT,NOUN,SYN,False
con_cái,bố_mẹ,ANT,NOUN,ANT,True
tiếp_tục,đình_chỉ,ANT,NOUN,ANT,True
tàu_bè,tàu_thuyền,SYN,NOUN,SYN,True
vây_cánh,lãnh_đạo,ANT,NOUN,SYN,False
chú,bác,ANT,NOUN,ANT,True
tẹo,ti,SYN,NOUN,SYN,True
con_gái,chàng_trai,ANT,NOUN,ANT,True
hàng,quán,SYN,NOUN,ANT,False
thang,chén,SYN,NOUN,ANT,False
danh_tiếng,ô_nhục,ANT,NOUN,ANT,True
chủ_nghĩa_xã_hội,tư_bản_chủ_nghĩa,ANT,NOUN,SYN,False
điều_thiện,tệ,ANT,NOUN,ANT,True
dạ,lòng,SYN,NOUN,SYN,True
tri_kỉ,tri_kỷ,SYN,NOUN,SYN,True
vây_cánh,chỉ_huy,ANT,NOUN,ANT,True
phía,bên,SYN,NOUN,SYN,True
bu,mệ,SYN,NOUN,SYN,True
file,tập_tin,SYN,NOUN,SYN,True
hiện_diện,thiếu,ANT,NOUN,ANT,True
kỉ_nguyên,kỷ_nguyên,SYN,NOUN,SYN,True
tê_tê,trút,SYN,NOUN,SYN,True
hạ,hè,SYN,NOUN,ANT,False
góp_mặt,vắng,ANT,NOUN,ANT,True
bác,cô,ANT,NOUN,ANT,True
ước_muốn,ước_vọng,SYN,NOUN,SYN,True
cực_điểm,đỉnh_điểm,SYN,NOUN,ANT,False
cha,mẹ,ANT,NOUN,ANT,True
mùi,ngò,SYN,NOUN,SYN,True
mẹ,bu,SYN,NOUN,SYN,True
hòm,thùng,SYN,NOUN,SYN,True
cuối,đầu,ANT,NOUN,SYN,False
đống,lô,SYN,NOUN,SYN,True
chồng,vợ,ANT,NOUN,ANT,True
giải_thoát,thi_hành,ANT,VERB,SYN,False
kìm_giữ,trói_buộc,SYN,VERB,SYN,True
gây_lộn,gây_sự,SYN,VERB,SYN,True
lầm,nhầm,SYN,VERB,SYN,True
chuyển_dạ,trở_dạ,SYN,VERB,SYN,True
đồng_ý,từ_chối,ANT,VERB,ANT,True
lẩn_tránh,áp,ANT,VERB,ANT,True
mong_ước,mơ_ước,SYN,VERB,SYN,True
trét,bít,SYN,VERB,SYN,True
lăng_nhục,sỉ_nhục,SYN,VERB,SYN,True
cư_xử,bạc_đãi,ANT,VERB,ANT,True
thừa_nhận,phủ_nhận,ANT,VERB,ANT,True
rụt,thò,ANT,VERB,SYN,False
hỏng_hóc,hỏng,SYN,VERB,SYN,True
áp_giải,dẫn_giải,SYN,VERB,SYN,True
bộc_lộ,thổ_lộ,SYN,VERB,ANT,False
trù,trù_dập,SYN,VERB,SYN,True
lật_lọng,tráo_trở,SYN,VERB,SYN,True
bứt,vặt,SYN,VERB,SYN,True
ghê_tởm,kinh_tởm,SYN,VERB,SYN,True
bác,chấp_nhận,ANT,VERB,ANT,True
nhận,loại_bỏ,ANT,VERB,ANT,True
kết_thúc,bảo_tồn,ANT,VERB,ANT,True
phá_sản,vỡ_nợ,SYN,VERB,SYN,True
bao_vây,giải_vây,ANT,VERB,ANT,True
chiến_thắng,thất_bại,ANT,VERB,ANT,True
phá_bỏ,giữ,ANT,VERB,ANT,True
phụ_trách,đảm_trách,SYN,VERB,SYN,True
nhả,cầm,ANT,VERB,ANT,True
chính_thức_hoá,huỷ_bỏ,ANT,VERB,ANT,True
bo,boa,SYN,VERB,SYN,True
ăn,chén,SYN,VERB,ANT,False
vơ,vớ,SYN,VERB,SYN,True
nản_lòng,kiên_định,ANT,VERB,ANT,True
phản_kháng,khuất_phục,ANT,VERB,ANT,True
bớt,thêm,ANT,VERB,SYN,False
thương,xót_thương,SYN,VERB,SYN,True
tát,vả,SYN,VERB,SYN,True
giải_tán,tập_trung,ANT,VERB,ANT,True
viện,vin,SYN,VERB,SYN,True
chắn,chặn,SYN,VERB,SYN,True
giả_mạo,mạo,SYN,VERB,ANT,False
mở,tắt,ANT,VERB,SYN,False
giảm,vọt,ANT,VERB,ANT,True
hạ,tăng,ANT,VERB,ANT,True
buồn,vui,ANT,VERB,SYN,False
tẩm_bổ,bồi_bổ,SYN,VERB,SYN,True
lẳng,quẳng,SYN,VERB,ANT,False
dao_động,sờn,SYN,VERB,ANT,False
chiến_bại,thắng_lợi,ANT,VERB,ANT,True
dời,yên_vị,ANT,VERB,ANT,True
chấp_nhận,từ_chối,ANT,VERB,ANT,True
chú_trọng,khinh_thường,ANT,VERB,ANT,True
mơ_ước,ước_mong,SYN,VERB,SYN,True
phung_phí,tiết_kiệm,ANT,VERB,ANT,True
mất,chào_đời,ANT,VERB,ANT,True
tán_đồng,từ_chối,ANT,VERB,ANT,True
nấn_ná,vội_vã,ANT,VERB,ANT,True
cuốn,lôi_cuốn,SYN,VERB,ANT,False
tu_sửa,tu_chỉnh,SYN,VERB,SYN,True
thờ_ơ,hờ_hững,SYN,VERB,SYN,True
ngăn_cản,bằng_lòng,ANT,VERB,ANT,True
quờ_quạng,sờ_soạng,SYN,VERB,SYN,True
bội_thu,thất_bát,ANT,VERB,ANT,True
chấm_dứt,tiếp_tục,ANT,VERB,SYN,False
đẽo_gọt,trau_chuốt,SYN,VERB,ANT,False
trọng,coi_thường,ANT,VERB,ANT,True
chần_chừ,đắn_đo,SYN,VERB,SYN,True
thanh_trừng,phục_chức,ANT,VERB,ANT,True
mong,thất_vọng,ANT,VERB,ANT,True
thắng,thua,ANT,VERB,SYN,False
coi_thường,coi_trọng,ANT,VERB,ANT,True
đẽo_gọt,gọt_giũa,SYN,VERB,SYN,True
khuất_núi,chào_đời,ANT,VERB,SYN,False
kết_thúc,mở_đầu,ANT,VERB,SYN,False
khích_lệ,kiềm_chế,ANT,VERB,ANT,True
bỏ_qua,cho_qua,SYN,VERB,SYN,True
phân_ly,đoàn_tụ,ANT,VERB,ANT,True
bán,sắm,ANT,VERB,ANT,True
ngã,bổ,SYN,VERB,SYN,True
thẩm_tra,kiểm_tra,SYN,VERB,SYN,True
tụ_hội,tụ_họp,SYN,VERB,SYN,True
bằng_lòng,từ_chối,ANT,VERB,ANT,True
tắc,nghẽn,SYN,VERB,SYN,True
kết_thúc,khởi_đầu,ANT,VERB,SYN,False
chê_bai,khen_ngợi,ANT,VERB,SYN,False
xoi,xuyên,SYN,VERB,ANT,False
phạm,giữ,ANT,VERB,ANT,True
giải_tán,tập_hợp,ANT,VERB,ANT,True
đánh_hỏng,chấp_thuận,ANT,VERB,ANT,True
đánh_cá,đánh_cuộc,SYN,VERB,SYN,True
chối_từ,chấp_nhận,ANT,VERB,ANT,True
mở_rộng,thu_hẹp,ANT,VERB,ANT,True
tịch,viên_tịch,SYN,VERB,SYN,True
thoái,tiến,ANT,VERB,SYN,False
nói_chuyện,chuyện_trò,SYN,VERB,SYN,True
giải_toả,phong_toả,ANT,VERB,ANT,True
tóm_tắt,mài_giũa,ANT,VERB,ANT,True
dao_động,ngả_nghiêng,SYN,VERB,SYN,True
đâm_ra,sinh,SYN,VERB,SYN,True
cá_cược,đánh_cược,SYN,VERB,ANT,False
rụt,thè,ANT,VERB,SYN,False
tụ_tập,lan_truyền,ANT,VERB,ANT,True
thu,xoá_bỏ,ANT,VERB,ANT,True
nhào,bổ_nhào,SYN,VERB,SYN,True
chê,khen,ANT,VERB,ANT,True
vuốt_ve,ve_vuốt,SYN,VERB,SYN,True
quên_lãng,nhớ,ANT,VERB,ANT,True
ngoái,ngoảnh,SYN,VERB,SYN,True
cho_phép,khước_từ,ANT,VERB,ANT,True
tháo,sắp_xếp,ANT,VERB,SYN,False
mất,lĩnh,ANT,VERB,ANT,True
giao,trao,SYN,VERB,SYN,True
mở,sắp_xếp,ANT,VERB,SYN,False
phát_triển,suy_thoái,ANT,VERB,ANT,True
rút,dâng,ANT,VERB,SYN,False
phản_đối,đồng_ý,ANT,VERB,SYN,False
khám,khám_xét,SYN,VERB,SYN,True
giải_phẫu,phẫu_thuật,SYN,VERB,SYN,True
áp_dụng,ứng_dụng,SYN,VERB,SYN,True
bàn_bạc,luận_bàn,SYN,VERB,SYN,True
khởi_động,ngừng,ANT,VERB,ANT,True
bất_an,xả,ANT,VERB,ANT,True
trôi,đắm,ANT,VERB,SYN,False
xuất_gia,xuống_tóc,SYN,VERB,ANT,False
chìm,nổi,ANT,VERB,ANT,True
tránh_mặt,đối_mặt,ANT,VERB,SYN,False
thành_công,thất_bại,ANT,VERB,ANT,True
lơ_là,sao_lãng,SYN,VERB,ANT,False
nhập,tách,ANT,VERB,ANT,True
va,trật,ANT,VERB,SYN,False
buộc,bắt_buộc,SYN,VERB,SYN,True
ăn_năn,ân_hận,SYN,VERB,SYN,True
cá_cược,đánh_cuộc,SYN,VERB,SYN,True
ghét,yêu,ANT,VERB,SYN,False
giận,dỗi,SYN,VERB,SYN,True
chần_chừ,ngần_ngừ,SYN,VERB,SYN,True
xịch,xít,SYN,VERB,SYN,True
đợi,đợi_chờ,SYN,VERB,SYN,True
nằm,ngồi,ANT,VERB,SYN,False
đập,hụt,ANT,VERB,SYN,False
dấp,xấp,SYN,VERB,SYN,True
chia_ly,đoàn_tụ,ANT,VERB,ANT,True
hết,bắt_đầu,ANT,VERB,SYN,False
để_tâm,bỏ_dở,ANT,VERB,ANT,True
quí_mến,căm,ANT,VERB,SYN,False
ngăn_cản,đồng_ý,ANT,VERB,ANT,True
bác_bỏ,chấp_thuận,ANT,VERB,ANT,True
dự,tham_dự,SYN,VERB,SYN,True
tụ_tập,tập_hợp,SYN,VERB,SYN,True
nảy,phát_sinh,SYN,VERB,ANT,False
mong_đợi,trông_mong,SYN,VERB,SYN,True
rũ,vỗ,SYN,VERB,ANT,False
chao_đảo,nao_núng,SYN,VERB,SYN,True
lo,bảo_đảm,ANT,VERB,ANT,True
hạ_nhục,lăng_nhục,SYN,VERB,SYN,True
nguyền_rủa,mong,ANT,VERB,ANT,True
bán,mua,ANT,VERB,SYN,False
ca_tụng,chỉ_trích,ANT,VERB,ANT,True
phanh_phui,vạch_trần,SYN,VERB,SYN,True
thí_điểm,thí_nghiệm,SYN,VERB,ANT,False
vòng_quanh,quanh_co,SYN,VERB,SYN,True
cốc,củng,SYN,VERB,SYN,True
ca_ngợi,lên_án,ANT,VERB,ANT,True
đong_đưa,vung_vẩy,SYN,VERB,SYN,True
phó_thác,uỷ_thác,SYN,VERB,SYN,True
tắt,đóng,SYN,VERB,ANT,False
bật,tắt,ANT,VERB,SYN,False
rớ,rờ,SYN,VERB,SYN,True
ăn_xin,hành_khất,SYN,VERB,SYN,True
thờ_ơ,hững_hờ,SYN,VERB,SYN,True
tu_sửa,sửa_sang,SYN,VERB,SYN,True
lẩm_bẩm,lẩm_nhẩm,SYN,VERB,SYN,True
rút_gọn,mài_dũa,ANT,VERB,ANT,True
tập_kết,tập_trung,SYN,VERB,SYN,True
rơi,rớt,SYN,VERB,SYN,True
xem_thường,tôn_trọng,ANT,VERB,ANT,True
ganh,tị,SYN,VERB,SYN,True
sưu_tập,truyền_bá,ANT,VERB,ANT,True
chia,đoàn_kết,ANT,VERB,ANT,True
phá_bĩnh,phá_đám,SYN,VERB,SYN,True
bao_phủ,tháo,ANT,VERB,ANT,True
giảm,tăng,ANT,VERB,SYN,False
vô_trùng,sát_trùng,SYN,VERB,SYN,True
mở_màn,ngừng,ANT,VERB,ANT,True
đan,tháo,ANT,VERB,ANT,True
đền,thường,SYN,VERB,ANT,False
bồi_bổ,bồi_dưỡng,SYN,VERB,SYN,True
bít,bịt,SYN,VERB,SYN,True
khẳng_định,phủ_định,ANT,VERB,ANT,True
tán_thành,phản_đối,ANT,VERB,ANT,True
chú_thích,ghi_chú,SYN,VERB,SYN,True
khiếp_đảm,khiếp_vía,SYN,VERB,SYN,True
bại,thắng,ANT,VERB,SYN,False
kệ,mặc_kệ,SYN,VERB,ANT,False
để_tâm,bỏ,ANT,VERB,ANT,True
pha_chế,điều_chế,SYN,VERB,SYN,True
chần_chừ,dứt_khoát,ANT,VERB,ANT,True
sa_thải,thuê,ANT,VERB,ANT,True
nhập_ngoại,nhập_nội,SYN,VERB,SYN,True
đâm,hoá,SYN,VERB,SYN,True
giải_tán,tụ_tập,ANT,VERB,SYN,False
cóp_nhặt,quảng_bá,ANT,VERB,ANT,True
che,cởi,ANT,VERB,ANT,True
nhét,nhồi,SYN,VERB,SYN,True
chọn,lựa,SYN,VERB,SYN,True
lặn,mọc,ANT,VERB,ANT,True
ghìm,nén,SYN,VERB,SYN,True
rớt,trúng_tuyển,ANT,VERB,ANT,True
đóng,mở,ANT,VERB,ANT,True
chi,thu,ANT,VERB,ANT,True
xét_duyệt,xoá_bỏ,ANT,VERB,ANT,True
ào,tràn,SYN,VERB,SYN,True
tránh_né,áp_dụng,ANT,VERB,ANT,True
giải_ngũ,tập_hợp,ANT,VERB,ANT,True
báo_ân,trả_thù,ANT,VERB,ANT,True
bất_kính,coi_trọng,ANT,VERB,ANT,True
chuồn,lẻn,SYN,VERB,SYN,True
trông,trông_nom,SYN,VERB,ANT,False
bỏ_cuộc,gia_nhập,ANT,VERB,ANT,True
rủa,ước,ANT,VERB,ANT,True
lên,xuống,ANT,VERB,ANT,True
lơ,lắng_nghe,ANT,VERB,ANT,True
tiến,lui,ANT,VERB,ANT,True
phản_đối,đồng_tình,ANT,VERB,SYN,False
nổi_giận,nổi_nóng,SYN,VERB,SYN,True
hoang_phí,tằn_tiện,ANT,VERB,ANT,True
bóc_trần,lột_trần,SYN,VERB,SYN,True
vi_phạm,thi_hành,ANT,VERB,ANT,True
ghi_âm,loại_bỏ,ANT,VERB,ANT,True
lấy,dán,ANT,VERB,ANT,True
kích_động,khích_động,SYN,VERB,SYN,True
hi_vọng,thất_vọng,ANT,VERB,ANT,True
kiềm_chế,kềm_chế,SYN,VERB,SYN,True
cắm_đầu,chúi_đầu,SYN,VERB,SYN,True
cản,ngăn,SYN,VERB,SYN,True
chấp_thuận,từ_chối,ANT,VERB,ANT,True
xắn,trải,ANT,VERB,SYN,False
lè,thụt,ANT,VERB,SYN,False
thành_lập,thủ_tiêu,ANT,VERB,SYN,False
tham_dự,lỡ,ANT,VERB,ANT,True
rã,tan,SYN,VERB,SYN,True
coi_nhẹ,coi_trọng,ANT,VERB,ANT,True
băng_hà,ra_đời,ANT,VERB,SYN,False
chờ_mong,mong_chờ,SYN,VERB,SYN,True
sắp_xếp,lộn_xộn,ANT,VERB,ANT,True
chín,sống,ANT,VERB,SYN,False
nhớ,quên,ANT,VERB,SYN,False
xếp_đặt,sắp_đặt,SYN,VERB,SYN,True
trốn,hiện,ANT,VERB,ANT,True
chen,chêm,SYN,VERB,SYN,True
hành_hình,hành_quyết,SYN,VERB,SYN,True
đố_kỵ,ghen_ghét,SYN,VERB,SYN,True
khuyến_khích,kiềm_toả,ANT,VERB,ANT,True
phản_đối,ủng_hộ,ANT,VERB,ANT,True
công_kích,bảo_vệ,ANT,VERB,ANT,True
phớt_lờ,chú_ý,ANT,VERB,SYN,False
lăng_mạ,nhục_mạ,SYN,VERB,SYN,True
tụ_tập,quảng_bá,ANT,VERB,ANT,True
nhũng_nhiễu,sách_nhiễu,SYN,VERB,SYN,True
lưu_thông,tắc_nghẽn,ANT,VERB,ANT,True
phong,phong_tặng,SYN,VERB,SYN,True
làm_bộ,giả_bộ,SYN,VERB,ANT,False
thu_nạp,ngăn_cản,ANT,VERB,ANT,True
giải,cuộn,ANT,VERB,ANT,True
van,van_xin,SYN,VERB,ANT,False
giội,trút,SYN,VERB,SYN,True
được,thua,ANT,VERB,ANT,True
xa_cách,xa_rời,SYN,VERB,ANT,False
mong,vô_vọng,ANT,VERB,ANT,True
thụt_lùi,tiến_bộ,ANT,VERB,ANT,True
chế_giễu,chế_nhạo,SYN,VERB,SYN,True
bọc,cởi,ANT,VERB,ANT,True
cầu_khẩn,khẩn_cầu,SYN,VERB,SYN,True
thức_giấc,tỉnh_giấc,SYN,VERB,SYN,True
nhốt,thả,ANT,VERB,SYN,False
giả_trang,hoá_trang,SYN,VERB,ANT,False
cường_điệu,thổi_phồng,SYN,VERB,SYN,True
bế_mạc,khai_mạc,ANT,VERB,ANT,True
bác,chấp_thuận,ANT,VERB,ANT,True
còn,hết,ANT,VERB,SYN,False
hy_vọng,vô_vọng,ANT,VERB,ANT,True
đầu_hàng,hàng,SYN,VERB,SYN,True
tháo_dỡ,lắp,ANT,VERB,SYN,False
ăn_hiếp,bắt_nạt,SYN,VERB,SYN,True
thương,yêu_thương,SYN,VERB,ANT,False
chuyện_trò,trò_chuyện,SYN,VERB,SYN,True
phủ_nhận,xác_nhận,ANT,VERB,SYN,False
giả_mạo,sửa_chữa,ANT,VERB,ANT,True
khinh_thường,coi_trọng,ANT,VERB,ANT,True
chống_cự,đầu_hàng,ANT,VERB,ANT,True
khoan_nhượng,nhân_nhượng,SYN,VERB,SYN,True
hàng,vượt,ANT,VERB,ANT,True
thăng,chào_đời,ANT,VERB,ANT,True
phớt,để_tâm,ANT,VERB,ANT,True
tốn,mất,SYN,VERB,SYN,True
ly_biệt,đoàn_tụ,ANT,VERB,ANT,True
thiết_nghĩ,thiết_tưởng,SYN,VERB,SYN,True
ghìm,kìm,SYN,VERB,SYN,True
kí_kết,ký_kết,SYN,VERB,SYN,True
ước_vọng,tuyệt_vọng,ANT,VERB,ANT,True
giữ,giải_phóng,ANT,VERB,ANT,True
bố_trí,xáo_trộn,ANT,VERB,SYN,False
bắt_đầu,kết_thúc,ANT,VERB,SYN,False
tán_dương,trách,ANT,VERB,SYN,False
coi_nhẹ,coi_thường,SYN,VERB,ANT,False
kìm_hãm,thúc_đẩy,ANT,VERB,ANT,True
lẳng,quăng,SYN,VERB,SYN,True
làm_lơ,làm_ngơ,SYN,VERB,SYN,True
tích_góp,góp_nhặt,SYN,VERB,SYN,True
nản_chí,kiên_định,ANT,VERB,SYN,False
khẳng_định,từ_bỏ,ANT,VERB,ANT,True
hy_vọng,thất_vọng,ANT,VERB,ANT,True
giam_cầm,giam_giữ,SYN,VERB,SYN,True
tiến,lùi,ANT,VERB,ANT,True
lừa_đảo,tỉnh_ngộ,ANT,VERB,ANT,True
trấn_an,khuyến_khích,ANT,VERB,ANT,True
động_chạm,va_chạm,SYN,VERB,SYN,True
ngừng,khởi_đầu,ANT,VERB,ANT,True
bác_bỏ,chấp_nhận,ANT,VERB,ANT,True
am_tường,thông_hiểu,SYN,VERB,ANT,False
phân_chia,liên_kết,ANT,VERB,ANT,True
chà_đạp,giày_xéo,SYN,VERB,SYN,True
giam_giữ,nhốt,SYN,VERB,SYN,True
doạ,đe,SYN,VERB,SYN,True
tinh_chế,tinh_luyện,SYN,VERB,SYN,True
lặt,lượm,SYN,VERB,SYN,True
khước_từ,chấp_nhận,ANT,VERB,ANT,True
chia_tay,sum_họp,ANT,VERB,ANT,True
lao,xốc,SYN,VERB,SYN,True
vào,ra,ANT,VERB,SYN,False
gỡ,trói,ANT,VERB,SYN,False
vui,ca_cẩm,ANT,VERB,SYN,False
kết_nạp,khai_trừ,ANT,VERB,ANT,True
dạy_bảo,khuyên_bảo,SYN,VERB,SYN,True
truy_lùng,săn_lùng,SYN,VERB,ANT,False
chọc,thọc,SYN,VERB,SYN,True
phản_kháng,quy_hàng,ANT,VERB,SYN,False
hời_hợt,nông_cạn,SYN,ADJ,ANT,False
thảnh_thơi,ưu_tư,ANT,ADJ,ANT,True
vô_lý,có_lí,ANT,ADJ,ANT,True
cuồng_nộ,phẫn_nộ,SYN,ADJ,ANT,False
đần,thông_minh,ANT,ADJ,ANT,True
có_lí,vô_lí,ANT,ADJ,SYN,False
ấm_no,no_ấm,SYN,ADJ,SYN,True
lí_thú,lý_thú,SYN,ADJ,SYN,True
lợi,thiệt,ANT,ADJ,ANT,True
dư_dật,thiếu_thốn,ANT,ADJ,ANT,True
lắm,ít,ANT,ADJ,ANT,True
mạnh_dạn,nhát,ANT,ADJ,ANT,True
ác,thiện,ANT,ADJ,ANT,True
gọn_ghẽ,bừa_bộn,ANT,ADJ,ANT,True
rỗng,rỗng_không,SYN,ADJ,SYN,True
hưng_thịnh,hưng_vượng,SYN,ADJ,SYN,True
nhám,mịn,ANT,ADJ,ANT,True
tàn_ác,tàn_tệ,SYN,ADJ,ANT,False
lệch,ngay,ANT,ADJ,ANT,True
chính_xác,xác_thực,SYN,ADJ,SYN,True
đen,đỏ,ANT,ADJ,SYN,False
lười_biếng,siêng_năng,ANT,ADJ,ANT,True
chật_hẹp,rộng_rãi,ANT,ADJ,ANT,True
vững,vững_vàng,SYN,ADJ,SYN,True
đương_chức,đương_nhiệm,SYN,ADJ,SYN,True
khuất_tất,mờ_ám,SYN,ADJ,SYN,True
kỹ_lưỡng,sơ_sài,ANT,ADJ,ANT,True
đặc,loãng,ANT,ADJ,ANT,True
gần,xa,ANT,ADJ,ANT,True
hợp_lí,vô_lí,ANT,ADJ,ANT,True
ác_độc,hiền_lành,ANT,ADJ,SYN,False
mau_chóng,nhanh_chóng,SYN,ADJ,SYN,True
tỉnh_bơ,tỉnh_queo,SYN,ADJ,SYN,True
chặt,lỏng,ANT,ADJ,ANT,True
gian_trá,gian_xảo,SYN,ADJ,SYN,True
bận_bịu,rảnh_rỗi,ANT,ADJ,ANT,True
thẳng,thẳng_băng,SYN,ADJ,SYN,True
bi_quan,lạc_quan,ANT,ADJ,ANT,True
chặt_chẽ,lỏng_lẻo,ANT,ADJ,ANT,True
hậu_hĩ,hậu_hĩnh,SYN,ADJ,SYN,True
gọn_gàng,bừa_bộn,ANT,ADJ,ANT,True
màu_mỡ,phì_nhiêu,SYN,ADJ,SYN,True
khô,khô_khan,SYN,ADJ,ANT,False
thành_tâm,thực_tình,SYN,ADJ,SYN,True
ẩm,khô,ANT,ADJ,SYN,False
kĩ_càng,qua_quýt,ANT,ADJ,ANT,True
độc_nhất,độc_nhất_vô_nhị,SYN,ADJ,SYN,True
bươm,tươm,SYN,ADJ,SYN,True
ác_độc,độc_ác,SYN,ADJ,SYN,True
chóng,muộn,ANT,ADJ,ANT,True
kĩ_càng,tỷ_mỉ,SYN,ADJ,SYN,True
thường_kỳ,bất_thường,ANT,ADJ,ANT,True
lung_tung,gọn_ghẽ,ANT,ADJ,ANT,True
đặc,kín,SYN,ADJ,ANT,False
mát_mẻ,nóng_nực,ANT,ADJ,ANT,True
bé,to,ANT,ADJ,ANT,True
khảng_khái,khẳng_khái,SYN,ADJ,ANT,False
khoả_thân,nuy,SYN,ADJ,SYN,True
thông_minh,ngu_ngốc,ANT,ADJ,ANT,True
nghèo_khó,nghèo_túng,SYN,ADJ,SYN,True
an_tâm,lo_lắng,ANT,ADJ,SYN,False
mạnh_mẽ,yếu_ớt,ANT,ADJ,ANT,True
nhạt_nhẽo,nhạt_thếch,SYN,ADJ,ANT,False
may_mắn,rủi_ro,ANT,ADJ,SYN,False
dài_dòng,ngắn_gọn,ANT,ADJ,SYN,False
hợp_lý,vô_lí,ANT,ADJ,ANT,True
tha_thiết,khẩn_thiết,SYN,ADJ,SYN,True
nườm_nượp,vắng_ngắt,ANT,ADJ,SYN,False
tột_cùng,tột_đỉnh,SYN,ADJ,SYN,True
lớn,to,SYN,ADJ,SYN,True
thong_thả,vội,ANT,ADJ,ANT,True
giàu,nghèo,ANT,ADJ,ANT,True
phi_lý,có_lí,ANT,ADJ,ANT,True
thư_thái,lo_âu,ANT,ADJ,ANT,True
bạc,tệ,SYN,ADJ,ANT,False
bất_minh,mờ_ám,SYN,ADJ,SYN,True
bồn_chồn,thắc_thỏm,SYN,ADJ,SYN,True
tí_xíu,tí_ti,SYN,ADJ,ANT,False
nhiều,ít,ANT,ADJ,ANT,True
chung_thuỷ,thuỷ_chung,SYN,ADJ,SYN,True
lẹ,mau,SYN,ADJ,SYN,True
đông,vắng,ANT,ADJ,ANT,True
tối_tăm,sáng_sủa,ANT,ADJ,ANT,True
tràn_đầy,tràn_ngập,SYN,ADJ,SYN,True
kĩ_tính,kỹ_tính,SYN,ADJ,SYN,True
đơn_côi,trơ_trọi,SYN,ADJ,SYN,True
cay_đắng,đắng_cay,SYN,ADJ,SYN,True
giỏi,tồi,ANT,ADJ,ANT,True
nham_hiểm,hiểm_độc,SYN,ADJ,SYN,True
dễ,khó,ANT,ADJ,ANT,True
hèn,can_đảm,ANT,ADJ,ANT,True
thông_minh,ngu_dốt,ANT,ADJ,ANT,True
thanh_thản,thảnh_thơi,SYN,ADJ,ANT,False
mầu_mỡ,bạc_màu,ANT,ADJ,ANT,True
tỉnh_táo,mê_muội,ANT,ADJ,ANT,True
nông_cạn,sâu_sắc,ANT,ADJ,ANT,True
nhơ_nhớp,nhơ_nhuốc,SYN,ADJ,SYN,True
kỳ_diệu,thần_diệu,SYN,ADJ,SYN,True
tỉ_mỉ,tỷ_mỉ,SYN,ADJ,SYN,True
dị_thường,khác_thường,SYN,ADJ,SYN,True
bạc_bẽo,tệ_bạc,SYN,ADJ,SYN,True
gan_góc,can_đảm,SYN,ADJ,SYN,True
độc_ác,hiền_lành,ANT,ADJ,ANT,True
xanh,chín,ANT,ADJ,ANT,True
khủng_khiếp,kinh_khủng,SYN,ADJ,SYN,True
nóng_vội,nôn_nóng,SYN,ADJ,SYN,True
bi_thảm,bi_thương,SYN,ADJ,SYN,True
nhỡ,vừa,SYN,ADJ,ANT,False
cũ_mèm,mới_mẻ,ANT,ADJ,ANT,True
vô_ích,hữu_dụng,ANT,ADJ,ANT,True
ướt,ráo,ANT,ADJ,ANT,True
nguy_nan,nguy_ngập,SYN,ADJ,SYN,True
hữu_ích,vô_dụng,ANT,ADJ,ANT,True
kỹ,tỷ_mỉ,SYN,ADJ,SYN,True
hời_hợt,sâu_sắc,ANT,ADJ,ANT,True
nhạt_thếch,mặn_mòi,ANT,ADJ,SYN,False
chăm_chỉ,lười_nhác,ANT,ADJ,ANT,True
cực_khổ,sung_sướng,ANT,ADJ,ANT,True
lộn_xộn,gọn_ghẽ,ANT,ADJ,ANT,True
um,rầm,SYN,ADJ,SYN,True
dũng_cảm,hèn,ANT,ADJ,ANT,True
quái_ác,tai_quái,SYN,ADJ,ANT,False
buồn,vui,ANT,ADJ,SYN,False
hà_tiện,hoang,ANT,ADJ,SYN,False
bạo,nhát,ANT,ADJ,ANT,True
cứng_rắn,mềm_mỏng,ANT,ADJ,ANT,True
phiền_phức,phiền_toái,SYN,ADJ,SYN,True
có_lí,phi_lí,ANT,ADJ,SYN,False
mịn,ráp,ANT,ADJ,ANT,True
khoẻ,yếu,ANT,ADJ,ANT,True
thường,lạ_thường,ANT,ADJ,ANT,True
lệch,thẳng,ANT,ADJ,ANT,True
đậm,nhạt,ANT,ADJ,SYN,False
cứng,mềm,ANT,ADJ,ANT,True
tỉ_mỉ,qua_loa,ANT,ADJ,ANT,True
kĩ,qua_quýt,ANT,ADJ,ANT,True
lẹ,lâu,ANT,ADJ,ANT,True
bẩn,sạch,ANT,ADJ,ANT,True
ngược,thuận,ANT,ADJ,SYN,False
đông,thưa,ANT,ADJ,ANT,True
bẩn_thỉu,sạch,ANT,ADJ,ANT,True
bất_hợp_pháp,phi_pháp,SYN,ADJ,SYN,True
bạc_bẽo,bội_bạc,SYN,ADJ,SYN,True
chân_thật,giả_dối,ANT,ADJ,ANT,True
đúng_đắn,sai_trái,ANT,ADJ,ANT,True
lai,thuần_chủng,ANT,ADJ,SYN,False
vô_địch,vô_song,SYN,ADJ,SYN,True
dễ_chịu,khó_chịu,ANT,ADJ,ANT,True
tốt_đẹp,xấu_xa,ANT,ADJ,ANT,True
keo_kiệt,đá,SYN,ADJ,ANT,False
kĩ_lưỡng,kỹ,SYN,ADJ,SYN,True
chán_chường,chán_ngán,SYN,ADJ,SYN,True
lừng_lững,sừng_sững,SYN,ADJ,SYN,True
tài_ba,kém_cỏi,ANT,ADJ,ANT,True
hên,xui,ANT,ADJ,ANT,True
chua_cay,sâu_cay,SYN,ADJ,SYN,True
bất_nhân,nhân_ái,ANT,ADJ,ANT,True
công_bằng,bất_công,ANT,ADJ,ANT,True
ngay_ngắn,lệch_lạc,ANT,ADJ,ANT,True
quả_cảm,dũng_cảm,SYN,ADJ,SYN,True
thạo,thuần_thục,SYN,ADJ,ANT,False
ngăn_nắp,luộm_thuộm,ANT,ADJ,ANT,True
rắn,mềm,ANT,ADJ,ANT,True
tí,tí_tẹo,SYN,ADJ,SYN,True
có_ích,vô_ích,ANT,ADJ,ANT,True
huyền_diệu,thần_kì,SYN,ADJ,ANT,False
rực_rỡ,rạng_rỡ,SYN,ADJ,SYN,True
đục,trong,ANT,ADJ,ANT,True
bất_nhã,khiếm_nhã,SYN,ADJ,SYN,True
chặt,lỏng_lẻo,ANT,ADJ,ANT,True
bận,rảnh_rang,ANT,ADJ,ANT,True
tài_ba,tài_hoa,SYN,ADJ,SYN,True
tả_tơi,xơ_xác,SYN,ADJ,ANT,False
hơn,thua,ANT,ADJ,ANT,True
kĩ,tỉ_mỉ,SYN,ADJ,ANT,False
cơ_cực,cùng_cực,SYN,ADJ,SYN,True
lộn_xộn,gọn_gàng,ANT,ADJ,ANT,True
bẩn,sạch_sẽ,ANT,ADJ,ANT,True
đôn_hậu,hồn_hậu,SYN,ADJ,SYN,True
ngây_ngất,ngất_ngây,SYN,ADJ,SYN,True
lắm,ối,SYN,ADJ,SYN,True
dang_dở,dở_dang,SYN,ADJ,SYN,True
thẳng,ngay,SYN,ADJ,ANT,False
mới_tinh,mới_toanh,SYN,ADJ,SYN,True
kiêu_căng,kiêu_ngạo,SYN,ADJ,SYN,True
đẹp,xấu,ANT,ADJ,ANT,True
giàu_có,nghèo_khổ,ANT,ADJ,ANT,True
thông_thái,uyên_thâm,SYN,ADJ,ANT,False
chắc,rắn_chắc,SYN,ADJ,ANT,False
ẩm,khô_ráo,ANT,ADJ,ANT,True
khờ,dại,SYN,ADJ,ANT,False
bé,lớn,ANT,ADJ,ANT,True
thường,khác_thường,ANT,ADJ,SYN,False
cũ_kỹ,mới_tinh,ANT,ADJ,ANT,True
độc_ác,hiền_từ,ANT,ADJ,ANT,True
lẻ,linh,SYN,ADJ,ANT,False
giầu,khó,ANT,ADJ,ANT,True
kì_diệu,kỳ_diệu,SYN,ADJ,SYN,True
bừa,bừa_bãi,SYN,ADJ,SYN,True
buồn,mừng,ANT,ADJ,ANT,True
bận_bịu,rỗi_rãi,ANT,ADJ,ANT,True
đê_mê,mê_man,SYN,ADJ,SYN,True
bần_thần,đờ_đẫn,SYN,ADJ,SYN,True
kỹ_lưỡng,dối,ANT,ADJ,ANT,True
ngà_ngà,chếnh_choáng,SYN,ADJ,SYN,True
dẻo,cứng,ANT,ADJ,SYN,False
kì_cục,kì_quặc,SYN,ADJ,SYN,True
kiên_nhẫn,nhẫn_nại,SYN,ADJ,ANT,False
bạc_màu,màu_mỡ,ANT,ADJ,ANT,True
bí_mật,công_khai,ANT,ADJ,SYN,False
om,om_sòm,SYN,ADJ,ANT,False
tương_tự,na_ná,SYN,ADJ,SYN,True
khác_biệt,tương_đồng,ANT,ADJ,ANT,True
giàu,ít,ANT,ADJ,ANT,True
khéo_léo,vụng_về,ANT,ADJ,ANT,True
giỏi,kém,ANT,ADJ,ANT,True
thâm_trầm,trầm_lặng,SYN,ADJ,ANT,False
mặn_mà,nhạt_nhẽo,ANT,ADJ,ANT,True
bội_bạc,thuỷ_chung,ANT,ADJ,ANT,True
méo,tròn,ANT,ADJ,SYN,False
mau,thưa,ANT,ADJ,ANT,True
chật,rộng,ANT,ADJ,ANT,True
huyền_diệu,kì_diệu,SYN,ADJ,SYN,True
kĩ_lưỡng,dối,ANT,ADJ,ANT,True
bự,bé,ANT,ADJ,ANT,True
chệch,lệch,SYN,ADJ,ANT,False
cao,thấp,ANT,ADJ,ANT,True
đủng_đỉnh,thủng_thẳng,SYN,ADJ,SYN,True
già,trẻ,ANT,ADJ,ANT,True
giả_dối,thật_thà,ANT,ADJ,ANT,True
hẹp,rộng,ANT,ADJ,ANT,True
thành_tâm,thật_tình,SYN,ADJ,SYN,True
kỹ,dối,ANT,ADJ,ANT,True
hiểm,nguy_hiểm,SYN,ADJ,ANT,False
giầu,nghèo,ANT,ADJ,ANT,True
hoang,tằn_tiện,ANT,ADJ,ANT,True
tỷ_mỉ,qua_quýt,ANT,ADJ,ANT,True
muộn,sớm,ANT,ADJ,ANT,True
chính,phụ,ANT,ADJ,ANT,True
cũ_rích,mới_tinh,ANT,ADJ,ANT,True
có_lý,vô_lí,ANT,ADJ,ANT,True
kỳ_diệu,tuyệt_diệu,SYN,ADJ,SYN,True
đơn_giản,rắc_rối,ANT,ADJ,ANT,True
giàu,khó,ANT,ADJ,ANT,True
có_lý,phi_lí,ANT,ADJ,ANT,True
tĩnh_lặng,yên_lặng,SYN,ADJ,SYN,True
nhạt_thếch,mặn_mà,ANT,ADJ,ANT,True
tích_cực,tiêu_cực,ANT,ADJ,ANT,True
tối,tối_tăm,SYN,ADJ,SYN,True
dối_trá,thật_thà,ANT,ADJ,ANT,True
ngăn_nắp,lộn_xộn,ANT,ADJ,ANT,True
nhàn_nhã,thanh_nhàn,SYN,ADJ,ANT,False
lờ_mờ,tù_mù,SYN,ADJ,SYN,True
dày,mỏng,ANT,ADJ,ANT,True
đê_mê,mê_mẩn,SYN,ADJ,ANT,False
lương_thiện,bất_lương,ANT,ADJ,SYN,False
tỷ_mỉ,qua_loa,ANT,ADJ,ANT,True
dày,thưa,ANT,ADJ,ANT,True
cùng_quẫn,túng_quẫn,SYN,ADJ,SYN,True
cấp_bách,cấp_thiết,SYN,ADJ,SYN,True
bừa_bãi,gọn_gàng,ANT,ADJ,ANT,True
bơ_phờ,phờ_phạc,SYN,ADJ,SYN,True
bất_nhã,nhã_nhặn,ANT,ADJ,ANT,True
mù,khiếm_thị,SYN,ADJ,SYN,True
bao_dung,hẹp_hòi,ANT,ADJ,ANT,True
xảo_trá,thật_thà,ANT,ADJ,ANT,True
hở,kín,ANT,ADJ,ANT,True
ấm_êm,êm_ấm,SYN,ADJ,SYN,True
can_đảm,dũng_cảm,SYN,ADJ,SYN,True
may,rủi,ANT,ADJ,ANT,True
bình_thường,thường_nhật,SYN,ADJ,SYN,True
cũ_kĩ,mới_mẻ,ANT,ADJ,ANT,True
hoang,hoang_phí,SYN,ADJ,SYN,True
mạnh,yếu,ANT,ADJ,ANT,True
dày_đặc,thưa,ANT,ADJ,ANT,True
đen_tối,mờ_ám,SYN,ADJ,ANT,False
lỡ_dở,lỡ_làng,SYN,ADJ,SYN,True
thong_thả,vội_vàng,ANT,ADJ,ANT,True
nhẵn_nhụi,xù_xì,ANT,ADJ,ANT,True
hữu_ích,vô_ích,ANT,ADJ,ANT,True
dày_đặc,thưa_thớt,ANT,ADJ,ANT,True
no,đói,ANT,ADJ,ANT,True
xinh,xinh_xắn,SYN,ADJ,ANT,False
qua_loa,sơ_sài,SYN,ADJ,ANT,False
có_lý,hợp_lí,SYN,ADJ,ANT,False
trội,nổi_trội,SYN,ADJ,ANT,False
lâu,mau,ANT,ADJ,ANT,True
yên_tâm,lo_lắng,ANT,ADJ,ANT,True
kĩ_càng,sơ_sài,ANT,ADJ,ANT,True
cũ_kỹ,mới_mẻ,ANT,ADJ,ANT,True
bê_bết,bê_tha,SYN,ADJ,ANT,False
gần_gũi,gần_gụi,SYN,ADJ,SYN,True
dốt,dốt_nát,SYN,ADJ,ANT,False
đê_mê,mê_mệt,SYN,ADJ,SYN,True
gọn_gàng,gọn_ghẽ,SYN,ADJ,SYN,True
bừa,gọn,ANT,ADJ,ANT,True
dại,khôn,ANT,ADJ,ANT,True
cũ_kĩ,mới_tinh,ANT,ADJ,ANT,True
khiếm_nhã,nhã_nhặn,ANT,ADJ,SYN,False
khổ_sở,sung_sướng,ANT,ADJ,SYN,False
cầu_kì,giản_dị,ANT,ADJ,ANT,True
lung_tung,gọn_gàng,ANT,ADJ,ANT,True
nhẹ,mạnh,ANT,ADJ,SYN,False
khiếp,kinh,SYN,ADJ,SYN,True
cao_quý,thấp_hèn,ANT,ADJ,SYN,False
bự,nhỏ,ANT,ADJ,ANT,True
chuệch_choạc,chệch_choạc,SYN,ADJ,SYN,True
mặn,nhạt,ANT,ADJ,ANT,True
rét_mướt,ấm_áp,SYN,ADJ,SYN,True
thanh_thản,lo_âu,ANT,ADJ,ANT,True
thanh_thản,thư_thái,SYN,ADJ,SYN,True
khôi_hài,hài_hước,SYN,ADJ,SYN,True
bất_hạnh,xấu_số,SYN,ADJ,SYN,True
đầy_đủ,thiếu_thốn,ANT,ADJ,ANT,True
yên,im,SYN,ADJ,ANT,False
bạo_dạn,mạnh_dạn,SYN,ADJ,ANT,False
mảnh_dẻ,mảnh_mai,SYN,ADJ,SYN,True
bạo_tàn,tàn_tệ,SYN,ADJ,SYN,True
trầm_ngâm,trầm_tư,SYN,ADJ,SYN,True
vô_bổ,bổ_ích,ANT,ADJ,ANT,True
nổi_danh,lừng_danh,SYN,ADJ,SYN,True
đen_tối,minh_bạch,ANT,ADJ,ANT,True
mong_manh,phong_thanh,SYN,ADJ,SYN,True
phi_lí,vô_lí,SYN,ADJ,SYN,True
dư_dật,dư_thừa,SYN,ADJ,ANT,False
có_ích,hữu_ích,SYN,ADJ,ANT,False
vô_bổ,vô_dụng,SYN,ADJ,SYN,True
minh_mẫn,sáng_láng,SYN,ADJ,SYN,True
tồi,tốt,ANT,ADJ,SYN,False
dạn_dĩ,nhát,ANT,ADJ,ANT,True
ngu,khôn,ANT,ADJ,ANT,True
gấp,cấp,SYN,ADJ,ANT,False
kì_quái,quái_dị,SYN,ADJ,SYN,True
tươi,héo,ANT,ADJ,ANT,True
bất_lợi,thuận_lợi,ANT,ADJ,ANT,True
dài,ngắn,ANT,ADJ,SYN,False
dĩ_nhiên,đương_nhiên,SYN,ADJ,SYN,True
thẳng,cong,ANT,ADJ,SYN,False
vắng_tanh,tấp_nập,ANT,ADJ,ANT,True
phấn_chấn,hào_hứng,SYN,ADJ,SYN,True
khô,ướt,ANT,ADJ,SYN,False
bằng,lồi_lõm,ANT,ADJ,ANT,True
hân_hoan,hoan_hỷ,SYN,ADJ,SYN,True
kĩ_lưỡng,qua_quýt,ANT,ADJ,ANT,True
chu_toàn,vẹn_toàn,SYN,ADJ,ANT,False
đơn_chiếc,neo_đơn,SYN,ADJ,SYN,True
bạo_tàn,tàn_bạo,SYN,ADJ,SYN,True
tối,sáng,ANT,ADJ,ANT,True
đen_kịt,đen_sì,SYN,ADJ,SYN,True
hiếm,hãn_hữu,SYN,ADJ,ANT,False
độ_lượng,hẹp_hòi,ANT,ADJ,ANT,True
đúng_đắn,sai_lầm,ANT,ADJ,ANT,True
thanh_bình,yên_bình,SYN,ADJ,SYN,True
tiêu_cực,thụ_động,SYN,ADJ,ANT,False
có_lý,hợp_lý,SYN,ADJ,ANT,False
có_ích,vô_bổ,ANT,ADJ,ANT,True
mát,tươi,ANT,ADJ,ANT,True
thụ_động,chủ_động,ANT,ADJ,ANT,True
đen_đủi,may_mắn,ANT,ADJ,ANT,True
gầy,mập,ANT,ADJ,ANT,True
trong,trong_suốt,SYN,ADJ,SYN,True
dễ_tính,khó_tính,ANT,ADJ,ANT,True
hung_dữ,hung_hãn,SYN,ADJ,SYN,True
ác,hiền,ANT,ADJ,ANT,True
pha_tạp,pha_trộn,SYN,ADJ,SYN,True
bẩn_thỉu,sạch_sẽ,ANT,ADJ,ANT,True
thanh,mảnh,SYN,ADJ,SYN,True
anh_dũng,can_đảm,SYN,ADJ,SYN,True
anh_dũng,hèn,ANT,ADJ,ANT,True
định_kì,bất_thường,ANT,ADJ,ANT,True
móp,tóp,SYN,ADJ,SYN,True
yên_ổn,bất_ổn,ANT,ADJ,ANT,True
nhạt,thẫm,ANT,ADJ,ANT,True
chóng_vánh,mau_chóng,SYN,ADJ,ANT,False
thảm,thê_thảm,SYN,ADJ,ANT,False
nhẵn,sần_sùi,ANT,ADJ,ANT,True
đắt,rẻ,ANT,ADJ,ANT,True
rách,lành,ANT,ADJ,ANT,True
dốt,thông_minh,ANT,ADJ,ANT,True
gian_xảo,thật_thà,ANT,ADJ,ANT,True
chân_thành,thực_tâm,SYN,ADJ,SYN,True
cường_thịnh,suy_tàn,ANT,ADJ,ANT,True
lười_biếng,lười_nhác,SYN,ADJ,SYN,True
hung_hãn,hung_tợn,SYN,ADJ,SYN,True
đặc,rỗng,ANT,ADJ,SYN,False
lực_lưỡng,vạm_vỡ,SYN,ADJ,SYN,True
bận_bịu,thanh_nhàn,ANT,ADJ,ANT,True
có_nghĩa,vô_nghĩa,ANT,ADJ,ANT,True
trang_nhã,tao_nhã,SYN,ADJ,SYN,True
đê_tiện,cao_thượng,ANT,ADJ,ANT,True
dữ,hiền,ANT,ADJ,ANT,True
chính_xác,chuẩn_xác,SYN,ADJ,SYN,True
quả_quyết,quyết_đoán,SYN,ADJ,ANT,False
hữu_ích,vô_bổ,ANT,ADJ,ANT,True
rảnh,bận_bịu,ANT,ADJ,ANT,True
tuyệt_vời,cực,SYN,ADJ,SYN,True
bất_hạnh,hạnh_phúc,ANT,ADJ,ANT,True
kỹ,sơ_sài,ANT,ADJ,ANT,True
kì_dị,kỳ_dị,SYN,ADJ,SYN,True
minh_bạch,mờ_ám,ANT,ADJ,ANT,True
tĩnh,động,ANT,ADJ,SYN,False
bổ_ích,vô_ích,ANT,ADJ,ANT,True
chan_chứa,tràn_trề,SYN,ADJ,SYN,True
cơ_cực,khốn_cùng,SYN,ADJ,SYN,True
cổ_hủ,tân_tiến,ANT,ADJ,ANT,True
tàn_ác,tàn_bạo,SYN,ADJ,SYN,True
cẩn_thận,cẩu_thả,ANT,ADJ,ANT,True
kĩ_càng,qua_loa,ANT,ADJ,ANT,True
đơn,kép,ANT,ADJ,ANT,True
vắng,thưa,SYN,ADJ,ANT,False
đầy_đủ,sơ_sài,ANT,ADJ,ANT,True
phiến_diện,toàn_diện,ANT,ADJ,ANT,True
bừa_bãi,gọn_ghẽ,ANT,ADJ,ANT,True
cũ_rích,mới_mẻ,ANT,ADJ,ANT,True
nghèo_nàn,phong_phú,ANT,ADJ,ANT,True
tự_cao,khiêm_tốn,ANT,ADJ,ANT,True
vô_dụng,vô_ích,SYN,ADJ,ANT,False
tỉ_mỉ,qua_quýt,ANT,ADJ,ANT,True
hợp_lý,phi_lí,ANT,ADJ,ANT,True
nặng_nề,nhẹ_nhàng,ANT,ADJ,ANT,True
lệch_lạc,sai_lệch,SYN,ADJ,SYN,True
dại,ngộ,SYN,ADJ,SYN,True
thanh_thản,thanh_thoát,SYN,ADJ,ANT,False
khéo,vụng,ANT,ADJ,ANT,True
bất_nhân,có_nhân,ANT,ADJ,ANT,True
xảo_quyệt,thật_thà,ANT,ADJ,ANT,True
thần_diệu,thần_kỳ,SYN,ADJ,SYN,True
vô_bổ,hữu_dụng,ANT,ADJ,ANT,True
ảm_đạm,u_ám,SYN,ADJ,SYN,True
tối_mịt,tối_om,SYN,ADJ,SYN,True
buồn_phiền,vui_vẻ,ANT,ADJ,ANT,True
thần_diệu,tuyệt_diệu,SYN,ADJ,SYN,True
khô_cằn,màu_mỡ,ANT,ADJ,SYN,False
béo,gầy,ANT,ADJ,ANT,True
thanh_thoát,thư_thái,SYN,ADJ,ANT,False
dị_thường,kỳ_dị,SYN,ADJ,SYN,True
đại,tiểu,ANT,ADJ,ANT,True
đứng_tuổi,luống_tuổi,SYN,ADJ,SYN,True
mảnh_dẻ,mảnh_khảnh,SYN,ADJ,SYN,True
chính_yếu,cốt_yếu,SYN,ADJ,ANT,False
ác_độc,hiền_từ,ANT,ADJ,ANT,True
nồng_cháy,nồng_nàn,SYN,ADJ,SYN,True
chắc,lép,ANT,ADJ,ANT,True
bằng,mấp_mô,ANT,ADJ,ANT,True
vô_dụng,hữu_dụng,ANT,ADJ,ANT,True
tốt,xấu,ANT,ADJ,SYN,False
tỉ_mỉ,dối,ANT,ADJ,ANT,True
tỉ_mỉ,sơ_sài,ANT,ADJ,ANT,True
rủi,xui,SYN,ADJ,ANT,False
thanh_thản,ưu_tư,ANT,ADJ,ANT,True
tột_bậc,tột_độ,SYN,ADJ,ANT,False
nông,sâu,ANT,ADJ,ANT,True
lả_lướt,thướt_tha,SYN,ADJ,SYN,True
gầy,ốm,SYN,ADJ,ANT,False
keo_kiệt,hào_phóng,ANT,ADJ,ANT,True
êm_ả,yên_ả,SYN,ADJ,SYN,True
can_đảm,hèn_nhát,ANT,ADJ,SYN,False
bền_vững,vững_bền,SYN,ADJ,SYN,True
ngào_ngạt,ngát,SYN,ADJ,SYN,True
tai_hại,nguy_hại,SYN,ADJ,ANT,False
ầm,rầm,SYN,ADJ,SYN,True
tỷ_mỉ,sơ_sài,ANT,ADJ,SYN,False
mau,chậm,ANT,ADJ,ANT,True
khoáng_đạt,phóng_khoáng,SYN,ADJ,SYN,True
tròn_trịa,tròn_trĩnh,SYN,ADJ,ANT,False
mềm,mềm_dẻo,SYN,ADJ,ANT,False
ồn_ào,ầm_ĩ,SYN,ADJ,SYN,True
bình_yên,yên_lành,SYN,ADJ,ANT,False
cần_thiết,cấp_thiết,SYN,ADJ,SYN,True
bội_bạc,có_nghĩa,ANT,ADJ,ANT,True
bại,liệt,SYN,ADJ,SYN,True
anh_dũng,hèn_nhát,ANT,ADJ,ANT,True
dại,điên,SYN,ADJ,SYN,True
chân_thành,giả_dối,ANT,ADJ,ANT,True
nổi_tiếng,nức_tiếng,SYN,ADJ,SYN,True
mỡ,mỡ_màng,SYN,ADJ,SYN,True
trống,trống_không,SYN,ADJ,SYN,True
chóng,nhanh,SYN,ADJ,ANT,False
cồng_kềnh,kềnh_càng,SYN,ADJ,SYN,True
nhẹ_nhõm,nặng_nề,ANT,ADJ,ANT,True
độc,lành,ANT,ADJ,ANT,True
độ_lượng,rộng_lượng,SYN,ADJ,SYN,True
khuất_tất,minh_bạch,ANT,ADJ,ANT,True
dày_cộp,mỏng_tang,ANT,ADJ,ANT,True
thảnh_thơi,lo_âu,ANT,ADJ,ANT,True
bát_ngát,mênh_mông,SYN,ADJ,SYN,True
chua_ngoa,ngoa_ngoắt,SYN,ADJ,SYN,True
lệch,cân_đối,ANT,ADJ,ANT,True
cô_độc,đơn_độc,SYN,ADJ,ANT,False
thông_thoáng,thoáng,SYN,ADJ,SYN,True
tẹo,tí_ti,SYN,ADJ,SYN,True
bội_bạc,chung_thuỷ,ANT,ADJ,ANT,True
thần_diệu,thần_kì,SYN,ADJ,SYN,True
liên_tiếp,liên_tục,SYN,ADJ,SYN,True
lơ_đãng,lơ_đễnh,SYN,ADJ,ANT,False
gọn_nhẹ,rườm_rà,ANT,ADJ,ANT,True
bị_động,chủ_động,ANT,ADJ,ANT,True
giàu_có,nghèo_nàn,ANT,ADJ,ANT,True
vất_vả,nặng_nhọc,SYN,ADJ,ANT,False
vị_kỷ,vị_tha,ANT,ADJ,ANT,True
lớn,nhỏ,ANT,ADJ,ANT,True
trống_không,trống_trơn,SYN,ADJ,SYN,True
chậm,nhanh,ANT,ADJ,ANT,True
tuyệt_vời,đại,SYN,ADJ,SYN,True
đê_hèn,cao_thượng,ANT,ADJ,ANT,True
ấm_áp,lạnh_lẽo,ANT,ADJ,ANT,True
chóng,lâu,ANT,ADJ,ANT,True
chậm,sớm,ANT,ADJ,ANT,True
ngăn_nắp,lung_tung,ANT,ADJ,ANT,True
